'release','1987-01-07'
'release','2014-06-14'
'release','2014-09-15'
'release','2019-06-14'
'release','2019-12-13'
'release','2019-07-05'
'release','2019-07-19'
'release','2019-03-05'
'release','2019-07-11'
'release','2019-07-26'
'release','2019-08-29'
'release','2019-06-20'
'release','2019-06-21'
'release','2019-08-16'
'release','2019-03-29'
'release','2019-05-17'
'release','2019-07-12'
'release','2019-12-11'
'release','2019-05-03'
'release','2018-12-28'
'release','2019-03-08'
'release','2019-10-18'
'release','2019-08-23'
'release','2019-05-08'
'release','2019-10-25'
'release','2019-05-24'
'release','2019-08-09'
'release','2019-02-01'
'release','2019-05-23'
'release','2019-04-19'
'release','2019-11-01'
'release','2018-11-30'
'release','2018-11-23'
'release','2019-09-05'
'release','2019-11-22'
'release','2018-07-25'
'release','2019-06-27'
'release','2019-06-28'
'release','2020-04-02'
'release','1974-02-22'
'listen','2022-01-01'
'listen','2022-01-02'
'listen','2022-01-05'
'listen','2022-01-09'
'listen','2022-01-10'
'listen','2022-01-11'
'listen','2022-01-14'
'listen','2022-01-19'
'listen','2022-01-20'
'listen','2022-02-01'
'listen','2022-01-30'
'published','2023-04-17'
'published','2023-04-15'
'published','2023-04-13'
'published','2023-04-12'
'published','2022-07-04'
'published','2023-01-31'
'published','2012-06-18'
'published','2044-05-23'
'published','2044-05-24'
'published','2023-09-04'
'published','2000-04-08'
'published','2022-06-20'